Id,Date,TotalSteps,TrackerDistance,FairlyActiveMinutes,VeryActiveMinutes,LightlyActiveMinutes,SedentaryMinutes,Calories,TotalMinutesAsleep,TotalTimeInBed,TotalMinutesNotAsleep
1503960366,4/12/2016,13162,8.5,13,25,328,728,1985,327,346,19
1503960366,4/13/2016,10735,6.96999979019165,19,21,217,776,1797,384,407,23
1503960366,4/15/2016,9762,6.28000020980835,34,29,209,726,1745,412,442,30
1503960366,4/16/2016,12669,8.15999984741211,10,36,221,773,1863,340,367,27
1503960366,4/17/2016,9705,6.48000001907349,20,38,164,539,1728,700,712,12
1503960366,4/19/2016,15506,9.88000011444092,31,50,264,775,2035,304,320,16
1503960366,4/20/2016,10544,6.67999982833862,12,28,205,818,1786,360,377,17
1503960366,4/21/2016,9819,6.34000015258789,8,19,211,838,1775,325,364,39
1503960366,4/23/2016,14371,9.03999996185303,21,41,262,732,1949,361,384,23
1503960366,4/24/2016,10039,6.40999984741211,5,39,238,709,1788,430,449,19
1503960366,4/25/2016,15355,9.80000019073486,14,73,216,814,2013,277,323,46
1503960366,4/26/2016,13755,8.78999996185303,23,31,279,833,1970,245,274,29
1503960366,4/28/2016,13154,8.52999973297119,28,48,189,782,1898,366,393,27
1503960366,4/29/2016,11181,7.15000009536743,12,16,243,815,1837,341,354,13
1503960366,4/30/2016,14673,9.25,34,52,217,712,1947,404,425,21
1503960366,5/1/2016,10602,6.80999994277954,35,33,246,730,1820,369,396,27
1503960366,5/2/2016,14727,9.71000003814697,15,41,277,798,2004,277,309,32
1503960366,5/3/2016,15103,9.65999984741211,24,50,254,816,1990,273,296,23
1503960366,5/5/2016,14070,8.89999961853027,24,45,250,857,1959,247,264,17
1503960366,5/6/2016,12159,8.02999973297119,6,24,289,754,1896,334,367,33
1503960366,5/7/2016,11992,7.71000003814697,46,37,175,833,1821,331,349,18
1503960366,5/8/2016,10060,6.57999992370605,8,44,203,574,1740,594,611,17
1503960366,5/9/2016,12022,7.71999979019165,11,46,206,835,1819,338,342,4
1503960366,5/10/2016,12207,7.76999998092651,31,46,214,746,1859,383,403,20
1503960366,5/11/2016,12770,8.13000011444092,23,36,251,669,1783,285,306,21
1644430081,4/29/2016,3176,2.30999994277954,0,0,120,1193,2498,119,127,8
1644430081,4/30/2016,18213,13.2399997711182,71,9,402,816,3846,124,142,18
1644430081,5/2/2016,3758,2.73000001907349,7,1,148,682,2580,796,961,165
1644430081,5/8/2016,6724,4.8899998664856,0,0,295,991,2987,137,154,17
1844505072,4/15/2016,3844,2.53999996185303,0,0,176,527,1725,644,961,317
1844505072,4/30/2016,4014,2.67000007629395,0,0,184,218,1763,722,961,239
1844505072,5/1/2016,2573,1.70000004768372,7,0,75,585,1541,590,961,371
1927972279,4/12/2016,678,0.469999998807907,0,0,55,734,2220,750,775,25
1927972279,4/13/2016,356,0.25,0,0,32,986,2151,398,422,24
1927972279,4/15/2016,980,0.680000007152557,0,0,51,941,2221,475,499,24
1927972279,4/26/2016,3761,2.59999990463257,0,0,192,1058,2638,296,315,19
1927972279,4/28/2016,1675,1.1599999666214,0,0,95,1167,2351,166,178,12
2026352035,4/12/2016,4414,2.74000000953674,8,3,181,706,1459,503,546,43
2026352035,4/13/2016,4993,3.09999990463257,0,0,238,663,1521,531,565,34
2026352035,4/14/2016,3335,2.0699999332428,0,0,197,653,1431,545,568,23
2026352035,4/15/2016,3821,2.36999988555908,0,0,188,687,1444,523,573,50
2026352035,4/16/2016,2547,1.58000004291534,0,0,150,728,1373,524,567,43
2026352035,4/17/2016,838,0.519999980926514,0,0,60,1053,1214,437,498,61
2026352035,4/19/2016,2424,1.5,0,0,141,785,1356,498,540,42
2026352035,4/20/2016,7222,4.48000001907349,0,0,327,623,1667,461,510,49
2026352035,4/21/2016,2467,1.52999997138977,0,0,153,749,1370,477,514,37
2026352035,4/22/2016,2915,1.80999994277954,0,0,162,712,1399,520,545,25
2026352035,4/23/2016,12357,7.71000003814697,0,0,432,458,1916,522,554,32
2026352035,4/24/2016,3490,2.16000008583069,0,0,164,704,1401,555,591,36
2026352035,4/25/2016,6017,3.73000001907349,0,0,260,821,1576,506,531,25
2026352035,4/27/2016,6088,3.76999998092651,0,0,286,586,1593,508,545,37
2026352035,4/28/2016,6375,3.95000004768372,0,0,331,626,1649,513,545,32
2026352035,4/29/2016,7604,4.71000003814697,0,0,352,492,1692,490,510,20
2026352035,4/30/2016,4729,2.9300000667572,0,0,233,594,1506,573,607,34
2026352035,5/1/2016,3609,2.27999997138977,0,0,191,716,1447,527,546,19
2026352035,5/2/2016,7018,4.34999990463257,0,0,355,716,1690,511,543,32
2026352035,5/4/2016,6564,4.07000017166138,0,0,345,530,1658,538,560,22
2026352035,5/5/2016,12167,7.53999996185303,0,0,475,479,1926,468,485,17
2026352035,5/6/2016,8198,5.07999992370605,0,0,383,511,1736,524,548,24
2026352035,5/7/2016,4193,2.59999990463257,0,0,229,665,1491,511,521,10
2026352035,5/8/2016,5528,3.45000004768372,0,0,258,610,1555,541,568,27
2026352035,5/9/2016,10685,6.61999988555908,0,0,401,543,1869,531,556,25
2026352035,5/10/2016,254,0.159999996423721,0,0,17,1002,1141,357,380,23
2026352035,5/11/2016,8580,5.32000017166138,0,0,330,569,1698,523,553,30
2026352035,5/12/2016,8891,5.51000022888184,0,0,343,330,1364,456,485,29
2320127002,4/23/2016,5079,3.42000007629395,0,0,242,1129,1804,61,69,8
2347167796,4/13/2016,10352,7.01000022888184,32,19,195,676,2038,467,531,64
2347167796,4/14/2016,10129,6.69999980926514,48,1,206,705,2010,445,489,44
2347167796,4/15/2016,10465,6.92000007629395,24,1,284,720,2133,452,504,52
2347167796,4/17/2016,5472,3.61999988555908,7,1,249,508,1882,556,602,46
2347167796,4/18/2016,8247,5.44999980926514,16,11,206,678,1944,500,557,57
2347167796,4/19/2016,6711,4.44000005722046,7,0,382,648,2346,465,514,49
2347167796,4/21/2016,10080,6.75,26,23,208,761,2048,460,484,24
2347167796,4/22/2016,7804,5.15999984741211,27,9,206,781,1946,405,461,56
2347167796,4/23/2016,16901,11.3699998855591,35,32,360,591,2629,374,386,12
2347167796,4/24/2016,9471,6.26000022888184,0,0,360,584,2187,442,459,17
2347167796,4/25/2016,9482,6.38000011444092,11,15,277,653,2095,433,471,38
2347167796,4/26/2016,5980,3.95000004768372,0,0,227,732,1861,436,490,54
2347167796,4/27/2016,11423,7.57999992370605,9,26,295,623,2194,448,499,51
2347167796,4/28/2016,5439,3.59999990463257,0,0,229,764,1854,408,450,42
2347167796,4/29/2016,42,0.0299999993294477,0,0,4,2,403,411,473,62
3977333714,4/12/2016,8856,5.98000001907349,19,44,131,777,1450,274,469,195
3977333714,4/13/2016,10035,6.71000003814697,46,31,153,754,1495,295,456,161
3977333714,4/14/2016,7641,5.1100001335144,23,5,214,801,1433,291,397,106
3977333714,4/15/2016,9010,6.05999994277954,42,15,183,644,1468,424,556,132
3977333714,4/16/2016,13459,9.0,83,31,153,663,1625,283,510,227
3977333714,4/17/2016,10415,6.96999979019165,58,11,205,600,1529,381,566,185
3977333714,4/18/2016,11663,7.80000019073486,95,4,214,605,1584,412,522,110
3977333714,4/19/2016,12414,8.77999973297119,67,19,221,738,1638,219,395,176
3977333714,4/20/2016,11658,7.82999992370605,98,2,164,845,1554,152,305,153
3977333714,4/21/2016,6093,4.07999992370605,0,0,242,712,1397,332,512,180
3977333714,4/22/2016,8911,5.96000003814697,12,33,188,731,1481,355,476,121
3977333714,4/23/2016,12058,8.06999969482422,92,0,252,724,1638,235,372,137
3977333714,4/24/2016,14112,10.0,95,30,129,660,1655,310,526,216
3977333714,4/25/2016,11177,8.47999954223633,9,50,133,781,1570,262,467,205
3977333714,4/26/2016,11388,7.61999988555908,95,7,170,797,1551,250,371,121
3977333714,4/27/2016,7193,5.03999996185303,10,0,176,714,1377,349,540,191
3977333714,4/28/2016,7114,4.88000011444092,8,15,190,804,1407,261,423,162
3977333714,4/29/2016,10645,7.75,32,36,150,744,1545,333,478,145
3977333714,4/30/2016,13238,9.19999980926514,52,43,194,687,1650,237,382,145
3977333714,5/1/2016,10414,7.07000017166138,40,41,124,691,1501,383,626,243
3977333714,5/2/2016,16520,11.0500001907349,143,24,176,713,1760,230,384,154
3977333714,5/3/2016,14335,9.59000015258789,41,47,258,594,1710,292,500,208
3977333714,5/4/2016,13559,9.4399995803833,96,14,142,852,1628,213,336,123
3977333714,5/5/2016,12312,8.57999992370605,88,14,178,680,1618,318,480,162
3977333714,5/6/2016,11677,8.27999973297119,55,29,168,676,1590,323,512,189
3977333714,5/7/2016,11550,7.73000001907349,86,0,208,703,1574,237,443,206
3977333714,5/8/2016,13585,9.09000015258789,116,9,171,688,1633,259,456,197
3977333714,5/10/2016,13072,8.77999973297119,115,1,196,676,1630,312,452,140
4020332650,4/12/2016,8539,6.11999988555908,15,4,331,712,3654,501,541,40
4020332650,4/16/2016,1982,1.41999995708466,21,65,55,1222,3051,77,77,0
4020332650,5/3/2016,4496,3.22000002861023,0,0,174,950,2828,322,332,10
4020332650,5/4/2016,10252,7.34999990463257,46,13,346,531,3879,478,536,58
4020332650,5/5/2016,11728,8.43000030517578,42,38,196,916,3429,226,248,22
4020332650,5/6/2016,4369,3.13000011444092,0,0,177,855,2704,385,408,23
4020332650,5/8/2016,5862,4.19999980926514,0,0,263,775,3089,364,402,38
4020332650,5/10/2016,5546,3.98000001907349,0,0,206,774,2926,442,494,52
4319703577,4/14/2016,10210,6.88000011444092,9,1,339,589,2302,535,557,22
4319703577,4/15/2016,5664,3.79999995231628,0,0,228,752,1985,465,491,26
4319703577,4/16/2016,4744,3.1800000667572,0,0,194,724,1884,506,522,16
4319703577,4/18/2016,2276,1.54999995231628,9,1,58,824,1632,515,551,36
4319703577,4/19/2016,8925,5.98999977111816,0,0,311,604,2200,461,498,37
4319703577,4/20/2016,8954,6.01000022888184,18,0,306,671,2220,523,543,20
4319703577,4/21/2016,3702,2.48000001907349,0,0,34,1265,1792,59,65,6
4319703577,4/22/2016,4500,3.01999998092651,19,1,176,709,1886,533,550,17
4319703577,4/23/2016,4935,3.30999994277954,0,0,233,546,1945,692,722,30
4319703577,4/24/2016,4081,2.74000000953674,5,1,191,692,1880,467,501,34
4319703577,4/25/2016,9259,6.21000003814697,8,0,390,544,2314,488,506,18
4319703577,4/26/2016,9899,6.6399998664856,21,8,288,649,2236,505,516,11
4319703577,4/27/2016,10780,7.23000001907349,47,6,300,680,2324,286,307,21
4319703577,4/28/2016,10817,7.28000020980835,8,13,359,552,2367,497,522,25
4319703577,4/29/2016,7990,5.3600001335144,18,6,289,624,2175,523,546,23
4319703577,4/30/2016,8221,5.51999998092651,38,6,196,695,2092,490,516,26
4319703577,5/1/2016,1251,0.839999973773956,0,0,67,836,1593,484,500,16
4319703577,5/2/2016,9261,6.23999977111816,11,0,344,585,2270,478,506,28
4319703577,5/3/2016,9648,6.46999979019165,26,8,287,669,2235,474,512,38
4319703577,5/6/2016,9524,6.42000007629395,11,6,314,692,2266,450,491,41
4319703577,5/7/2016,7937,5.32999992370605,28,3,279,586,2158,507,530,23
4319703577,5/8/2016,3672,2.46000003814697,0,0,153,603,1792,602,638,36
4319703577,5/9/2016,10378,6.96000003814697,14,2,374,490,2345,535,565,30
4319703577,5/10/2016,9487,6.36999988555908,12,3,329,555,2260,487,517,30
4319703577,5/11/2016,9129,6.13000011444092,18,3,311,574,2232,529,558,29
4319703577,5/12/2016,17,0.00999999977648258,0,0,2,0,257,302,321,19
4388161847,4/15/2016,8758,6.73000001907349,0,0,299,837,3066,499,526,27
4388161847,4/16/2016,6580,5.05999994277954,9,6,253,609,3073,426,448,22
4388161847,4/17/2016,4660,3.57999992370605,0,0,201,721,2572,619,641,22
4388161847,4/18/2016,11009,9.10000038146973,8,27,239,1017,3274,99,104,5
4388161847,4/19/2016,10181,7.82999992370605,16,20,249,704,3015,329,338,9
4388161847,4/20/2016,10553,8.11999988555908,42,19,228,696,3083,421,451,30
4388161847,4/21/2016,10055,7.73000001907349,12,7,272,853,3069,442,458,16
4388161847,4/22/2016,12139,9.34000015258789,25,77,220,945,3544,82,85,3
4388161847,4/23/2016,13236,10.1800003051758,5,58,215,749,3306,478,501,23
4388161847,4/24/2016,10243,7.88000011444092,8,14,239,584,2885,552,595,43
4388161847,4/26/2016,9461,7.28000020980835,23,14,224,673,2929,319,346,27
4388161847,4/27/2016,11193,8.60999965667725,48,11,241,684,3074,439,500,61
4388161847,4/28/2016,10074,7.75,9,19,234,878,2969,428,458,30
4388161847,4/30/2016,12533,9.64000034332275,43,14,300,537,3283,409,430,21
4388161847,5/1/2016,10255,7.8899998664856,15,12,241,579,2926,547,597,50
4388161847,5/2/2016,10096,8.39999961853027,4,33,204,935,3147,368,376,8
4388161847,5/4/2016,12375,9.52000045776367,21,35,251,632,3162,390,414,24
4388161847,5/5/2016,9603,7.38000011444092,39,12,199,896,2899,471,495,24
4388161847,5/5/2016,9603,7.38000011444092,39,12,199,896,2899,471,495,24
4388161847,5/7/2016,22770,17.5400009155273,56,120,260,508,4022,472,496,24
4388161847,5/8/2016,17298,14.3800001144409,38,107,178,576,3934,529,541,12
4388161847,5/9/2016,10218,7.8600001335144,19,6,258,1020,3013,62,65,3
4388161847,5/10/2016,10299,7.92000007629395,14,13,267,648,3061,354,375,21
4388161847,5/11/2016,10201,7.84000015258789,18,8,256,858,2954,469,494,25
4445114986,4/12/2016,3276,2.20000004768372,0,0,196,787,2113,429,457,28
4445114986,4/13/2016,2961,1.99000000953674,0,0,194,840,2095,370,406,36
4445114986,4/14/2016,3974,2.67000007629395,0,0,231,717,2194,441,492,51
4445114986,4/15/2016,7198,4.82999992370605,0,0,350,711,2496,337,379,42
4445114986,4/16/2016,3945,2.65000009536743,0,0,225,716,2180,462,499,37
4445114986,4/17/2016,2268,1.51999998092651,0,0,114,1219,1933,98,107,9
4445114986,4/19/2016,2064,1.38999998569489,0,0,121,895,1954,388,424,36
4445114986,4/20/2016,2072,1.38999998569489,0,0,137,841,1974,439,462,23
4445114986,4/21/2016,3809,2.55999994277954,0,0,215,756,2150,436,469,33
4445114986,4/22/2016,6831,4.57999992370605,0,0,317,706,2432,388,417,29
4445114986,4/25/2016,3385,2.26999998092651,0,0,179,916,2070,328,345,17
4445114986,4/26/2016,6326,4.40999984741211,1,29,180,839,2291,353,391,38
4445114986,4/27/2016,7243,5.03000020980835,1,32,194,839,2361,332,374,42
4445114986,4/28/2016,4493,3.00999999046326,0,0,236,762,2203,419,442,23
4445114986,4/29/2016,4676,3.14000010490417,0,0,226,1106,2196,106,108,2
4445114986,4/30/2016,6222,4.17999982833862,0,0,290,797,2363,322,353,31
4445114986,5/1/2016,5232,3.50999999046326,0,0,240,741,2246,439,459,20
4445114986,5/2/2016,6910,4.75,4,27,200,667,2336,502,542,40
4445114986,5/3/2016,7502,5.17999982833862,2,30,233,725,2421,417,450,33
4445114986,5/4/2016,2923,1.96000003814697,0,0,180,897,2070,337,363,26
4445114986,5/5/2016,3800,2.54999995231628,6,2,185,734,2120,462,513,51
4445114986,5/6/2016,4514,3.02999997138977,0,0,229,809,2211,374,402,28
4445114986,5/7/2016,5183,3.58999991416931,4,26,108,866,2123,401,436,35
4445114986,5/8/2016,7303,4.90000009536743,8,0,308,733,2423,361,391,30
4445114986,5/9/2016,5275,3.53999996185303,0,0,266,641,2281,457,533,76
4445114986,5/10/2016,3915,2.63000011444092,0,0,231,783,2181,405,426,21
4445114986,5/11/2016,9105,6.1100001335144,22,34,232,622,2499,499,530,31
4445114986,5/12/2016,768,0.519999980926514,0,0,58,380,1212,483,501,18
4558609924,4/21/2016,13743,9.07999992370605,21,6,432,844,2486,126,137,11
4558609924,4/26/2016,9148,6.05000019073486,41,12,283,1062,2223,103,121,18
4558609924,4/29/2016,7833,5.17999982833862,29,15,197,1096,1918,171,179,8
4558609924,5/1/2016,3428,2.26999998092651,0,0,190,1121,1692,115,129,14
4558609924,5/8/2016,6543,4.32999992370605,35,66,238,1019,2666,123,134,11
4702921684,4/12/2016,7213,5.88000011444092,0,0,263,718,2947,425,439,14
4702921684,4/13/2016,6877,5.57999992370605,0,0,258,777,2898,400,430,30
4702921684,4/14/2016,7860,6.36999988555908,0,0,271,772,2984,384,415,31
4702921684,4/15/2016,6506,5.28000020980835,8,1,256,944,2896,253,257,4
4702921684,4/16/2016,11140,9.02999973297119,24,3,335,556,3328,382,406,24
4702921684,4/17/2016,12692,10.289999961853,66,12,302,437,3394,591,612,21
4702921684,4/18/2016,9105,7.38000011444092,30,22,191,890,3013,293,312,19
4702921684,4/19/2016,6708,5.44000005722046,8,10,179,757,2812,457,487,30
4702921684,4/20/2016,8793,7.13000011444092,29,2,260,717,3061,454,468,14
4702921684,4/21/2016,6530,5.30000019073486,41,4,144,901,2729,425,434,9
4702921684,4/23/2016,15126,12.2700004577637,66,9,408,469,3691,465,475,10
4702921684,4/24/2016,15050,12.2200002670288,95,15,281,542,3538,480,506,26
4702921684,4/25/2016,9167,7.42999982833862,15,6,270,730,3064,370,380,10
4702921684,4/26/2016,6108,4.94999980926514,8,1,216,765,2784,421,429,8
4702921684,4/27/2016,7047,5.71999979019165,16,1,238,733,2908,432,449,17
4702921684,4/28/2016,9023,7.32000017166138,9,14,232,738,3033,442,461,19
4702921684,4/29/2016,9930,8.05000019073486,19,12,267,692,3165,433,447,14
4702921684,4/30/2016,10144,8.22999954223633,36,4,263,728,3115,479,501,22
4702921684,5/3/2016,9454,7.67000007629395,0,0,313,729,3145,327,373,46
4702921684,5/4/2016,8161,6.61999988555908,15,4,251,757,3004,412,434,22
4702921684,5/5/2016,8614,6.98999977111816,5,8,241,745,3006,414,428,14
4702921684,5/6/2016,6943,5.63000011444092,16,1,207,682,2859,404,449,45
4702921684,5/7/2016,14370,11.6499996185303,46,5,439,577,3683,520,543,23
4702921684,5/7/2016,14370,11.6499996185303,46,5,439,577,3683,520,543,23
4702921684,5/9/2016,8232,6.67999982833862,12,0,253,746,2990,435,458,23
4702921684,5/10/2016,10613,8.60999965667725,37,1,262,701,3172,416,431,15
4702921684,5/11/2016,9810,7.96000003814697,41,10,235,784,3069,354,366,12
4702921684,5/12/2016,2752,2.23000001907349,0,0,68,241,1240,404,442,38
5553957443,4/12/2016,11596,7.57000017166138,13,19,277,767,2026,441,464,23
5553957443,4/13/2016,4832,3.16000008583069,0,0,226,647,1718,455,488,33
5553957443,4/14/2016,17022,11.1199998855591,41,61,256,693,2324,357,418,61
5553957443,4/15/2016,16556,10.8599996566772,38,58,239,689,2254,377,409,32
5553957443,4/16/2016,5771,3.76999998092651,0,0,288,521,1831,651,686,35
5553957443,4/17/2016,655,0.430000007152557,0,0,46,943,1397,350,402,52
5553957443,4/18/2016,3727,2.4300000667572,0,0,206,622,1683,520,541,21
5553957443,4/19/2016,15482,10.1099996566772,28,69,249,756,2284,357,410,53
5553957443,4/20/2016,2713,1.76999998092651,0,0,148,598,1570,658,678,20
5553957443,4/21/2016,12346,8.0600004196167,42,47,177,801,2066,399,431,32
5553957443,4/22/2016,11682,7.63000011444092,16,25,270,781,2105,322,353,31
5553957443,4/23/2016,4112,2.69000005722046,0,0,272,443,1776,631,725,94
5553957443,4/24/2016,1807,1.17999994754791,0,0,104,582,1507,553,640,87
5553957443,4/25/2016,10946,7.19000005722046,11,51,201,732,2033,433,468,35
5553957443,4/26/2016,11886,7.76000022888184,18,40,238,750,2093,412,453,41
5553957443,4/27/2016,10538,6.88000011444092,16,16,206,745,1922,347,391,44
5553957443,4/28/2016,11393,7.63000011444092,13,49,165,727,1999,421,457,36
5553957443,4/29/2016,12764,8.32999992370605,15,46,270,709,2169,450,495,45
5553957443,4/30/2016,1202,0.779999971389771,0,0,84,506,1463,775,843,68
5553957443,5/1/2016,5164,3.36999988555908,0,0,237,436,1747,622,686,64
5553957443,5/2/2016,9769,6.38000011444092,9,23,227,724,1996,409,471,62
5553957443,5/3/2016,12848,8.39000034332275,29,26,247,812,2116,380,429,49
5553957443,5/4/2016,4249,2.76999998092651,0,0,224,651,1698,447,470,23
5553957443,5/5/2016,14331,9.51000022888184,29,44,241,692,2156,419,464,45
5553957443,5/6/2016,9632,6.28999996185303,9,21,229,761,1916,400,434,34
5553957443,5/7/2016,1868,1.22000002861023,0,0,96,902,1494,442,470,28
5553957443,5/8/2016,6083,4.0,8,3,210,505,1762,568,608,40
5553957443,5/9/2016,11611,7.57999992370605,22,59,251,667,2272,453,494,41
5553957443,5/10/2016,16358,10.710000038147,40,61,265,707,2335,418,443,25
5553957443,5/11/2016,4926,3.22000002861023,0,0,195,628,1693,463,486,23
5553957443,5/12/2016,3121,2.03999996185303,6,8,48,222,741,438,475,37
5577150313,4/12/2016,8135,6.07999992370605,16,86,140,728,3405,419,438,19
5577150313,4/13/2016,5077,3.78999996185303,11,15,144,776,2551,432,458,26
5577150313,4/14/2016,8596,6.42000007629395,30,118,176,662,4022,477,497,20
5577150313,4/15/2016,12087,9.07999992370605,54,115,199,695,4005,392,413,21
5577150313,4/16/2016,14269,10.6599998474121,56,184,158,472,4274,406,445,39
5577150313,4/17/2016,12231,9.14000034332275,37,200,159,525,4552,549,583,34
5577150313,4/18/2016,9893,7.3899998664856,32,114,130,623,3625,527,553,26
5577150313,4/19/2016,12574,9.42000007629395,23,108,111,733,3501,449,465,16
5577150313,4/20/2016,8330,6.21999979019165,16,87,113,773,3192,447,480,33
5577150313,4/21/2016,10830,8.09000015258789,74,110,175,670,4018,414,437,23
5577150313,4/22/2016,9172,6.84999990463257,30,62,200,823,3329,338,366,28
5577150313,4/23/2016,7638,5.71000003814697,24,24,223,627,3152,384,402,18
5577150313,4/24/2016,15764,11.7799997329712,65,210,141,425,4392,543,615,72
5577150313,4/25/2016,6393,4.78000020980835,38,61,214,743,3374,421,461,40
5577150313,4/26/2016,5325,3.98000001907349,32,38,181,759,3088,354,377,23
5577150313,4/27/2016,6805,5.1399998664856,16,63,190,773,3294,424,452,28
5577150313,4/28/2016,9841,7.42999982833862,51,99,141,692,3580,361,372,11
5577150313,4/29/2016,7924,5.92000007629395,36,97,165,739,3544,459,485,26
5577150313,4/30/2016,12363,9.23999977111816,45,207,163,621,4501,412,433,21
5577150313,5/1/2016,13368,9.98999977111816,72,194,178,499,4546,379,398,19
5577150313,5/2/2016,7439,5.55999994277954,20,37,235,732,3014,525,553,28
5577150313,5/3/2016,11045,8.25,8,97,212,580,3795,508,543,35
5577150313,5/4/2016,5206,3.89000010490417,9,25,141,631,2755,603,634,31
5577150313,5/5/2016,7550,5.6399998664856,21,45,143,1153,3004,74,78,4
5577150313,5/10/2016,8869,6.65000009536743,37,104,194,639,3841,504,562,58
5577150313,5/11/2016,4038,3.03999996185303,15,45,63,257,1665,431,476,45
6117666160,4/16/2016,14450,10.9099998474121,15,7,518,502,2828,380,398,18
6117666160,4/17/2016,7150,5.40000009536743,0,0,312,702,2225,336,350,14
6117666160,4/18/2016,5153,3.91000008583069,0,0,241,759,2018,493,510,17
6117666160,4/19/2016,11135,8.40999984741211,0,0,480,425,2606,465,492,27
6117666160,4/20/2016,10449,8.02000045776367,10,26,349,587,2536,474,502,28
6117666160,4/21/2016,19542,15.0100002288818,19,11,294,579,4900,508,550,42
6117666160,4/22/2016,8206,6.19999980926514,0,0,402,413,2409,480,546,66
6117666160,4/23/2016,11495,8.68000030517578,0,0,512,468,2651,492,539,47
6117666160,4/24/2016,7623,5.76000022888184,0,0,362,711,2305,353,367,14
6117666160,4/27/2016,9411,7.1100001335144,0,0,458,417,2576,542,557,15
6117666160,4/28/2016,3403,2.59999990463257,0,0,141,758,1879,393,416,23
6117666160,4/29/2016,9592,7.23999977111816,0,0,461,479,2560,600,636,36
6117666160,5/1/2016,8915,6.73000001907349,0,0,397,525,2361,507,575,68
6117666160,5/5/2016,9799,7.40000009536743,0,0,487,479,2636,392,415,23
6117666160,5/6/2016,3365,2.6800000667572,0,0,133,673,1838,658,698,40
6117666160,5/7/2016,7336,5.53999996185303,0,0,412,456,2469,498,507,9
6117666160,5/8/2016,7328,5.53000020980835,0,0,318,517,2250,555,603,48
6117666160,5/9/2016,4477,3.38000011444092,0,0,197,125,1248,492,522,30
6775888955,4/13/2016,4053,2.91000008583069,18,17,85,1053,2400,235,260,25
6775888955,4/14/2016,5162,3.70000004768372,24,14,105,863,2507,423,441,18
6775888955,4/15/2016,1282,0.920000016689301,0,0,58,976,2127,391,406,15
6962181067,4/12/2016,10199,6.73999977111816,14,50,189,796,1994,366,387,21
6962181067,4/13/2016,5652,3.74000000953674,24,8,142,548,1718,630,679,49
6962181067,4/14/2016,1551,1.02999997138977,0,0,86,862,1466,508,535,27
6962181067,4/15/2016,5563,3.6800000667572,0,0,217,837,1756,370,386,16
6962181067,4/16/2016,13217,8.73999977111816,3,50,280,741,2173,357,366,9
6962181067,4/17/2016,10145,6.71000003814697,13,5,295,634,2027,427,446,19
6962181067,4/18/2016,11404,7.53999996185303,42,13,238,689,2039,442,458,16
6962181067,4/19/2016,10742,7.09999990463257,41,35,195,659,2046,476,535,59
6962181067,4/20/2016,13928,9.55000019073486,4,48,297,639,2174,418,424,6
6962181067,4/21/2016,11835,7.88000011444092,27,53,214,708,2179,451,457,6
6962181067,4/22/2016,10725,7.09000015258789,33,30,240,659,2086,425,435,10
6962181067,4/23/2016,20031,13.2399997711182,41,58,347,484,2571,528,546,18
6962181067,4/24/2016,5029,3.3199999332428,0,0,199,720,1705,511,514,3
6962181067,4/25/2016,13239,9.07999992370605,31,35,282,637,2194,400,415,15
6962181067,4/26/2016,10433,6.90000009536743,7,36,254,680,2012,441,446,5
6962181067,4/27/2016,10320,6.82000017166138,38,7,279,697,2034,455,467,12
6962181067,4/28/2016,12627,8.35000038146973,8,38,288,621,2182,440,453,13
6962181067,4/29/2016,10762,7.1100001335144,15,12,369,645,2254,433,447,14
6962181067,4/30/2016,10081,6.65999984741211,16,32,237,731,2002,422,424,2
6962181067,5/1/2016,5454,3.60999989509583,0,0,215,722,1740,411,426,15
6962181067,5/2/2016,12912,8.53999996185303,39,18,313,655,2162,466,482,16
6962181067,5/3/2016,12109,8.11999988555908,36,21,267,654,2072,394,418,24
6962181067,5/4/2016,10147,6.71000003814697,36,15,284,683,2086,442,455,13
6962181067,5/5/2016,10524,6.96000003814697,22,14,305,591,2066,467,491,24
6962181067,5/6/2016,5908,3.91000008583069,0,0,299,717,1850,443,462,19
6962181067,5/7/2016,6815,4.5,0,0,328,745,1947,298,334,36
6962181067,5/8/2016,4188,2.76999998092651,14,0,151,709,1659,541,569,28
6962181067,5/9/2016,12342,8.68000030517578,21,43,231,607,2105,489,497,8
6962181067,5/10/2016,15448,10.210000038147,34,62,275,626,2361,469,481,12
6962181067,5/11/2016,6722,4.44000005722046,7,24,199,709,1855,452,480,28
6962181067,5/12/2016,3587,2.36999988555908,8,0,105,127,928,516,535,19
7007744171,4/16/2016,4631,3.09999990463257,0,0,203,1155,2076,79,82,3
7007744171,5/1/2016,5600,3.75,0,0,237,1142,2225,58,61,3
7086361926,4/12/2016,11317,8.40999984741211,6,59,153,745,2772,514,525,11
7086361926,4/13/2016,5813,3.61999988555908,26,31,155,744,2516,451,465,14
7086361926,4/14/2016,9123,6.11999988555908,32,35,189,787,2734,472,476,4
7086361926,4/15/2016,8585,5.67000007629395,21,30,139,864,2395,377,386,9
7086361926,4/19/2016,10688,7.28999996185303,69,67,124,671,2944,472,483,11
7086361926,4/20/2016,14365,10.6400003433228,13,87,145,797,2997,492,502,10
7086361926,4/21/2016,9469,6.17999982833862,6,19,206,758,2463,390,411,21
7086361926,4/22/2016,9753,6.53000020980835,59,58,153,762,2846,428,448,20
7086361926,4/24/2016,3520,2.16000008583069,0,0,125,566,2049,681,704,23
7086361926,4/25/2016,10091,6.82000017166138,39,69,129,706,2752,446,447,1
7086361926,4/26/2016,10387,7.07000017166138,33,70,132,726,2781,485,500,15
7086361926,4/27/2016,11107,8.34000015258789,6,55,145,829,2693,469,479,10
7086361926,4/28/2016,11584,7.80000019073486,48,54,161,810,2862,354,367,13
7086361926,4/30/2016,14560,9.40999984741211,17,42,308,584,2995,485,489,4
7086361926,5/1/2016,12390,8.06999969482422,15,30,258,685,2730,388,407,19
7086361926,5/2/2016,10052,6.80999994277954,26,66,139,737,2754,440,459,19
7086361926,5/3/2016,10288,6.76000022888184,36,57,152,761,2754,456,461,5
7086361926,5/4/2016,10988,8.3100004196167,12,45,135,843,2655,420,436,16
7086361926,5/6/2016,12461,8.38000011444092,35,84,154,834,2924,322,333,11
7086361926,5/7/2016,12827,8.47999954223633,42,20,209,621,2739,530,548,18
7086361926,5/8/2016,10677,7.09999990463257,27,32,147,695,2534,481,510,29
7086361926,5/9/2016,13566,9.10999965667725,50,67,171,743,2960,427,438,11
7086361926,5/11/2016,9572,6.51999998092651,40,57,128,757,2735,451,463,12
7086361926,5/12/2016,3789,2.55999994277954,4,5,58,343,1199,444,457,13
8053475328,4/20/2016,15108,12.1899995803833,5,89,158,695,3043,486,493,7
8053475328,4/23/2016,22359,17.1900005340576,14,125,223,741,3554,331,337,6
8053475328,5/7/2016,19769,15.6700000762939,20,121,148,1076,3331,74,75,1
8378563200,4/12/2016,7626,6.05000019073486,15,65,156,723,3635,338,356,18
8378563200,4/13/2016,12386,9.81999969482422,14,116,169,680,4079,447,487,40
8378563200,4/14/2016,13318,10.5600004196167,21,123,174,699,4163,424,455,31
8378563200,4/15/2016,14461,11.4700002670288,23,60,190,729,3666,513,533,20
8378563200,4/16/2016,11207,8.89000034332275,21,64,142,563,3363,611,689,78
8378563200,4/17/2016,2132,1.69000005722046,0,0,93,599,2572,525,591,66
8378563200,4/18/2016,13630,10.8100004196167,10,117,174,720,4157,398,451,53
8378563200,4/19/2016,13070,10.3599996566772,19,120,154,737,4092,387,421,34
8378563200,4/20/2016,9388,7.44000005722046,8,82,169,763,3787,381,409,28
8378563200,4/21/2016,15148,12.0100002288818,16,137,145,677,4236,396,417,21
8378563200,4/22/2016,12200,9.67000007629395,12,113,159,769,4044,441,469,28
8378563200,4/23/2016,5709,4.53000020980835,10,19,136,740,2908,565,591,26
8378563200,4/24/2016,3703,2.94000005722046,0,0,135,734,2741,458,492,34
8378563200,4/25/2016,12405,9.84000015258789,16,117,141,692,4005,388,402,14
8378563200,4/25/2016,12405,9.84000015258789,16,117,141,692,4005,388,402,14
8378563200,4/26/2016,16208,12.8500003814697,18,90,161,593,3763,550,584,34
8378563200,4/27/2016,7359,5.84000015258789,4,4,192,676,3061,531,600,69
8378563200,4/28/2016,5417,4.30000019073486,10,11,139,711,2884,506,556,50
8378563200,4/29/2016,6175,4.90000009536743,7,3,172,767,2982,527,562,35
8378563200,4/30/2016,2946,2.33999991416931,0,0,121,780,2660,468,555,87
8378563200,5/1/2016,11419,9.0600004196167,10,71,127,669,3369,475,539,64
8378563200,5/2/2016,6064,4.80999994277954,4,63,142,802,3491,351,385,34
8378563200,5/3/2016,8712,6.90999984741211,20,71,195,822,3784,405,429,24
8378563200,5/4/2016,7875,6.23999977111816,10,19,167,680,3110,441,477,36
8378563200,5/5/2016,8567,6.78999996185303,3,66,214,764,3783,381,417,36
8378563200,5/6/2016,7045,5.59000015258789,5,74,166,831,3644,323,355,32
8378563200,5/7/2016,4468,3.53999996185303,0,0,158,851,2799,459,513,54
8378563200,5/8/2016,2943,2.32999992370605,0,0,139,621,2685,545,606,61
8378563200,5/9/2016,8382,6.65000009536743,13,71,171,772,3721,359,399,40
8378563200,5/10/2016,6582,5.21999979019165,13,63,152,840,3586,342,391,49
8378563200,5/11/2016,9143,7.25,10,72,184,763,3788,368,387,19
8378563200,5/12/2016,4561,3.61999988555908,6,8,102,433,1976,496,546,50
8792009665,4/12/2016,2564,1.63999998569489,0,0,116,831,2044,458,493,35
8792009665,4/13/2016,1320,0.839999973773956,0,0,82,806,1934,531,552,21
8792009665,4/14/2016,1219,0.779999971389771,0,0,84,853,1963,486,503,17
8792009665,4/15/2016,2483,1.5900000333786,0,0,126,937,2009,363,377,14
8792009665,4/20/2016,3147,2.00999999046326,10,0,139,744,2188,528,547,19
8792009665,4/22/2016,4068,2.59999990463257,20,1,195,817,2419,391,407,16
8792009665,4/23/2016,5245,3.35999989509583,45,8,232,795,2748,339,360,21
8792009665,4/27/2016,1758,1.12999999523163,0,0,112,900,2067,423,428,5
8792009665,4/28/2016,6157,3.94000005722046,0,0,310,714,2780,402,416,14
8792009665,4/29/2016,8360,5.34999990463257,14,6,380,634,3101,398,406,8
8792009665,4/30/2016,7174,4.59000015258789,20,10,301,749,2896,343,360,17
8792009665,5/1/2016,1619,1.03999996185303,0,0,79,834,1962,503,527,24
8792009665,5/2/2016,1831,1.16999995708466,0,0,101,916,2015,415,423,8
8792009665,5/3/2016,2421,1.54999995231628,0,0,156,739,2297,516,545,29
8792009665,5/4/2016,2283,1.46000003814697,0,0,129,848,2067,439,463,24